1,"Anvin",9837623434,"anvin@email.com"
2,"Anurag",9837634343,"anurag@email.com"
3,"Jacob",7777634343,"jacob@email.com"
4,"John",9833434347,"john@email.com"
5,"Aqeel",9834343377,"aqeel@email.com"
6,"Emily",9837623435,"emily@email.com"
7,"Michael",7777634344,"michael@email.com"
8,"Sophia",9833434348,"sophia@email.com"
9,"William",9834343378,"william@email.com"
10,"Olivia",9837623436,"olivia@email.com"
11,"James",7777634345,"james@email.com"
12,"Ava",9833434349,"ava@email.com"
13,"Benjamin",9834343379,"benjamin@email.com"
14,"Emma",9837623437,"emma@email.com"
15,"Liam",7777634346,"liam@email.com"


