1,"Mohammed","Receptionalist",6543434367
2,"Maya","Assistant",4563434354
3,"Mohan","Hygienist",6543434887
4,"Joe","Dentist",8343434653
5,"Jose","Dentist",8434343566
6,"Samantha","Hygienist",1234567890
7,"David","Dentist",2345678901
8,"Sophie","Receptionalist",3456789012
9,"Ethan","Assistant",4567890123
10,"Isabella","Hygienist",5678901234
11,"Liam","Dentist",6789012345
12,"Olivia","Assistant",7890123456
13,"Noah","Hygienist",8901234567
14,"Ava","Receptionalist",9012345678
15,"Lucas","Dentist",9876543210

